SEASON_ID,Player_ID,Game_ID,GAME_DATE,MATCHUP,WL,MIN,FGM,FGA,FG_PCT,FG3M,FG3A,FG3_PCT,FTM,FTA,FT_PCT,OREB,DREB,REB,AST,STL,BLK,TOV,PF,PTS,PLUS_MINUS,VIDEO_AVAILABLE
22024,1630162,0022401195,"APR 13, 2025",MIN vs. UTA,W,40,15,31,0.484,7,18,0.389,6,7,0.857,0,6,6,5,3,1,2,1,43,20,1
22024,1630162,0022401179,"APR 11, 2025",MIN vs. BKN,W,31,4,11,0.364,1,7,0.143,0,0,0.0,0,4,4,5,1,2,0,3,9,16,1
22024,1630162,0022401170,"APR 10, 2025",MIN @ MEM,W,38,13,19,0.684,7,11,0.636,11,13,0.846,1,4,5,3,1,1,5,3,44,15,1
22024,1630162,0022401152,"APR 08, 2025",MIN @ MIL,L,39,10,27,0.37,2,11,0.182,3,3,1.0,1,6,7,4,1,1,2,4,25,-4,1
22024,1630162,0022401130,"APR 05, 2025",MIN @ PHI,W,38,12,21,0.571,6,13,0.462,7,8,0.875,1,1,2,2,1,1,2,1,37,-4,1
22024,1630162,0022401113,"APR 03, 2025",MIN @ BKN,W,32,10,15,0.667,5,10,0.5,3,5,0.6,1,4,5,3,2,1,2,3,28,17,1
22024,1630162,0022401102,"APR 01, 2025",MIN @ DEN,W,50,12,25,0.48,5,15,0.333,5,7,0.714,1,9,10,8,1,0,5,4,34,8,1
22024,1630162,0022401084,"MAR 30, 2025",MIN vs. DET,W,36,9,19,0.474,4,10,0.4,3,4,0.75,0,6,6,4,0,2,4,4,25,5,1
22024,1630162,0022401071,"MAR 28, 2025",MIN vs. PHX,W,28,8,19,0.421,4,10,0.4,0,0,0.0,3,1,4,5,1,0,2,1,20,9,1
22024,1630162,0022401037,"MAR 24, 2025",MIN @ IND,L,34,7,19,0.368,1,11,0.091,2,3,0.667,0,2,2,4,1,0,3,2,17,-24,1
22024,1630162,0022401016,"MAR 21, 2025",MIN vs. NOP,W,26,6,13,0.462,3,7,0.429,2,2,1.0,2,1,3,5,2,0,3,0,17,21,1
22024,1630162,0022401001,"MAR 19, 2025",MIN vs. NOP,L,38,5,19,0.263,4,10,0.4,15,17,0.882,2,4,6,4,1,1,2,0,29,-6,1
22024,1630162,0022400986,"MAR 17, 2025",MIN vs. IND,L,41,9,24,0.375,1,11,0.091,19,20,0.95,0,3,3,5,2,2,3,3,38,-7,1
22024,1630162,0022400981,"MAR 16, 2025",MIN vs. UTA,W,31,16,27,0.593,5,14,0.357,4,6,0.667,0,2,2,2,1,0,1,1,41,31,1
22024,1630162,0022400963,"MAR 14, 2025",MIN vs. ORL,W,39,9,19,0.474,3,8,0.375,7,8,0.875,0,4,4,5,0,1,3,2,28,-5,1
22024,1630162,0022400952,"MAR 12, 2025",MIN @ DEN,W,35,10,22,0.455,5,12,0.417,4,5,0.8,0,4,4,6,1,0,3,2,29,10,1
22024,1630162,0022400925,"MAR 09, 2025",MIN vs. SAS,W,30,10,15,0.667,2,5,0.4,3,3,1.0,1,2,3,3,1,0,3,0,25,11,1
22024,1630162,0022400907,"MAR 07, 2025",MIN @ MIA,W,39,4,10,0.4,3,8,0.375,2,4,0.5,1,12,13,6,0,0,2,1,13,0,1
22024,1630162,0022400892,"MAR 05, 2025",MIN @ CHA,W,38,9,20,0.45,6,13,0.462,5,8,0.625,0,3,3,6,2,1,0,2,29,12,1
22024,1630162,0022400887,"MAR 04, 2025",MIN vs. PHI,W,30,5,11,0.455,2,6,0.333,6,7,0.857,0,5,5,1,0,0,2,2,18,-3,1
22024,1630162,0022400873,"MAR 02, 2025",MIN @ PHX,W,36,12,22,0.545,6,14,0.429,14,14,1.0,0,5,5,7,2,0,1,0,44,22,1
22024,1630162,0022400849,"FEB 27, 2025",MIN @ LAL,L,26,6,12,0.5,2,6,0.333,4,4,1.0,0,6,6,5,1,0,0,1,18,-13,1
22024,1630162,0022400826,"FEB 24, 2025",MIN @ OKC,W,36,5,15,0.333,1,6,0.167,6,10,0.6,2,11,13,8,0,1,4,4,17,-7,1
22024,1630162,0022400820,"FEB 23, 2025",MIN vs. OKC,L,39,8,21,0.381,4,13,0.308,9,10,0.9,2,8,10,7,2,0,5,3,29,-11,1
22024,1630162,0022400801,"FEB 21, 2025",MIN @ HOU,L,39,13,32,0.406,4,14,0.286,7,10,0.7,0,4,4,3,0,1,3,2,37,-11,1
22024,1630162,0022400787,"FEB 13, 2025",MIN vs. OKC,W,36,5,18,0.278,3,12,0.25,10,11,0.909,1,6,7,7,3,0,2,0,23,10,1
22024,1630162,0022400776,"FEB 12, 2025",MIN vs. MIL,L,37,10,33,0.303,4,17,0.235,4,5,0.8,0,7,7,4,2,0,2,0,28,0,1
22024,1630162,0022400755,"FEB 10, 2025",MIN @ CLE,L,37,13,28,0.464,8,15,0.533,10,13,0.769,0,6,6,1,1,0,7,0,44,-12,1
22024,1630162,0022400729,"FEB 06, 2025",MIN vs. HOU,W,38,11,25,0.44,5,12,0.417,14,15,0.933,2,5,7,6,0,1,4,3,41,9,1
22024,1630162,0022400723,"FEB 05, 2025",MIN vs. CHI,W,37,13,28,0.464,6,14,0.429,17,18,0.944,3,6,9,3,1,1,5,2,49,17,1
22024,1630162,0022400704,"FEB 03, 2025",MIN vs. SAC,L,38,7,21,0.333,3,10,0.3,4,4,1.0,1,5,6,4,2,1,3,3,21,0,1
22024,1630162,0022400677,"JAN 30, 2025",MIN @ UTA,W,35,12,18,0.667,6,9,0.667,6,7,0.857,1,5,6,11,0,3,3,3,36,25,1
22024,1630162,0022400672,"JAN 29, 2025",MIN @ PHX,W,40,11,20,0.55,3,8,0.375,8,9,0.889,0,7,7,5,2,4,7,2,33,10,1
22024,1630162,0022400656,"JAN 27, 2025",MIN vs. ATL,W,35,6,20,0.3,2,11,0.182,9,13,0.692,2,3,5,4,2,1,3,2,23,8,1
22024,1630162,0022400634,"JAN 25, 2025",MIN vs. DEN,W,33,14,23,0.609,3,8,0.375,3,4,0.75,1,0,1,9,0,0,3,4,34,27,1
22024,1630162,0022400614,"JAN 22, 2025",MIN @ DAL,W,37,6,19,0.316,2,7,0.286,7,8,0.875,1,4,5,7,0,0,3,0,21,-10,1
22024,1630162,0022400601,"JAN 20, 2025",MIN @ MEM,L,38,8,19,0.421,3,8,0.375,13,18,0.722,1,3,4,3,0,1,5,1,32,-7,1
22024,1630162,0022400590,"JAN 18, 2025",MIN vs. CLE,L,41,9,22,0.409,4,9,0.444,6,6,1.0,0,3,3,5,1,1,2,2,28,-2,1
22024,1630162,0022400578,"JAN 17, 2025",MIN @ NYK,W,38,12,21,0.571,8,13,0.615,4,4,1.0,2,11,13,7,0,0,6,0,36,24,1
22024,1630162,0022400565,"JAN 15, 2025",MIN vs. GSW,L,41,7,19,0.368,4,9,0.444,10,11,0.909,1,7,8,2,1,1,5,1,28,-2,1
22024,1630162,0022400548,"JAN 13, 2025",MIN @ WAS,W,36,14,25,0.56,5,11,0.455,8,8,1.0,2,4,6,7,3,1,7,2,41,18,1
22024,1630162,0022400535,"JAN 11, 2025",MIN vs. MEM,L,39,4,13,0.308,0,5,0.0,7,7,1.0,0,5,5,6,1,0,6,3,15,-5,1
22024,1630162,0022400519,"JAN 09, 2025",MIN @ ORL,W,36,5,19,0.263,4,11,0.364,7,9,0.778,1,2,3,7,2,0,2,2,21,20,1
22024,1630162,0022400505,"JAN 07, 2025",MIN @ NOP,W,38,10,21,0.476,7,11,0.636,5,6,0.833,1,8,9,3,2,0,4,3,32,3,1
22024,1630162,0022400500,"JAN 06, 2025",MIN vs. LAC,W,37,14,29,0.483,6,13,0.462,3,4,0.75,1,6,7,8,1,0,2,2,37,4,1
22024,1630162,0022400479,"JAN 04, 2025",MIN @ DET,L,44,16,31,0.516,10,15,0.667,11,12,0.917,1,5,6,2,0,0,6,4,53,-3,1
22024,1630162,0022400464,"JAN 02, 2025",MIN vs. BOS,L,36,5,16,0.313,2,9,0.222,3,4,0.75,0,4,4,6,0,0,2,0,15,-10,1
22024,1630162,0022400452,"DEC 31, 2024",MIN @ OKC,L,39,6,12,0.5,4,7,0.571,4,4,1.0,0,7,7,2,0,1,3,3,20,-3,1
22024,1630162,0022400441,"DEC 29, 2024",MIN vs. SAS,W,38,6,20,0.3,1,9,0.111,1,1,1.0,1,7,8,4,0,1,2,1,14,2,1
22024,1630162,0022400422,"DEC 27, 2024",MIN @ HOU,W,35,9,17,0.529,4,8,0.5,2,3,0.667,0,5,5,3,0,1,3,3,24,-1,1
22024,1630162,0022400406,"DEC 25, 2024",MIN @ DAL,W,39,11,24,0.458,4,7,0.571,0,0,0.0,1,7,8,5,2,1,4,0,26,8,1
22024,1630162,0022400395,"DEC 23, 2024",MIN @ ATL,L,32,7,20,0.35,1,7,0.143,1,1,1.0,2,4,6,4,2,0,5,1,16,-23,1
22024,1630162,0022400383,"DEC 21, 2024",MIN vs. GSW,L,39,6,20,0.3,4,11,0.364,3,4,0.75,1,6,7,5,0,0,1,4,19,-1,1
22024,1630162,0022400367,"DEC 19, 2024",MIN vs. NYK,L,34,7,16,0.438,3,7,0.429,0,0,0.0,0,5,5,7,3,1,2,0,17,-15,1
22024,1630162,0022401218,"DEC 15, 2024",MIN @ SAS,W,28,10,21,0.476,3,7,0.429,3,3,1.0,0,5,5,2,0,0,1,3,26,9,1
22024,1630162,0022401210,"DEC 13, 2024",MIN vs. LAL,W,33,9,20,0.45,2,7,0.286,3,5,0.6,2,4,6,1,1,1,5,1,23,25,1
22024,1630162,0022400355,"DEC 08, 2024",MIN @ GSW,L,37,10,19,0.526,5,9,0.556,2,2,1.0,0,5,5,6,1,0,6,3,27,-3,1
22024,1630162,0022400338,"DEC 06, 2024",MIN @ GSW,W,35,11,18,0.611,4,10,0.4,4,4,1.0,0,4,4,9,1,2,4,1,30,23,1
22024,1630162,0022400324,"DEC 04, 2024",MIN @ LAC,W,26,5,14,0.357,4,9,0.444,2,2,1.0,1,5,6,4,4,0,2,3,16,27,1
22024,1630162,0022400318,"DEC 02, 2024",MIN vs. LAL,W,27,3,13,0.231,1,5,0.2,1,2,0.5,0,7,7,3,2,0,3,1,8,1,1
22024,1630162,0022400044,"NOV 29, 2024",MIN vs. LAC,W,36,7,21,0.333,4,9,0.444,3,5,0.6,2,2,4,3,2,0,4,0,21,-5,1
22024,1630162,0022400294,"NOV 27, 2024",MIN vs. SAC,L,37,9,24,0.375,4,9,0.444,7,8,0.875,1,4,5,5,3,0,1,0,29,-5,1
22024,1630162,0022400037,"NOV 26, 2024",MIN vs. HOU,L,43,8,22,0.364,3,12,0.25,10,10,1.0,3,7,10,1,1,3,3,1,29,-14,1
22024,1630162,0022400271,"NOV 24, 2024",MIN @ BOS,L,39,9,21,0.429,6,11,0.545,4,4,1.0,0,9,9,7,0,0,3,3,28,2,1
22024,1630162,0022400261,"NOV 21, 2024",MIN @ TOR,L,36,9,20,0.45,5,9,0.556,3,3,1.0,1,2,3,2,2,2,2,4,26,4,1
22024,1630162,0022400234,"NOV 17, 2024",MIN vs. PHX,W,39,9,14,0.643,3,7,0.429,3,3,1.0,0,4,4,6,1,0,2,2,24,-6,1
22024,1630162,0022400020,"NOV 15, 2024",MIN @ SAC,W,42,14,27,0.519,6,14,0.429,2,2,1.0,1,4,5,2,0,0,2,4,36,16,1
22024,1630162,0022400226,"NOV 13, 2024",MIN @ POR,L,40,10,25,0.4,0,9,0.0,4,4,1.0,0,4,4,4,4,1,3,2,24,-1,1
22024,1630162,0022400008,"NOV 12, 2024",MIN @ POR,L,37,8,19,0.421,4,10,0.4,6,6,1.0,0,0,0,3,2,1,1,2,26,-20,1
22024,1630162,0022400206,"NOV 10, 2024",MIN vs. MIA,L,37,8,24,0.333,4,14,0.286,2,3,0.667,1,4,5,6,2,0,6,3,22,2,1
22024,1630162,0022400193,"NOV 08, 2024",MIN vs. POR,W,30,12,21,0.571,9,15,0.6,4,5,0.8,0,6,6,5,1,1,6,2,37,29,1
22024,1630162,0022400181,"NOV 07, 2024",MIN @ CHI,W,35,13,23,0.565,5,9,0.556,2,2,1.0,3,5,8,6,0,1,2,2,33,15,1
22024,1630162,0022400162,"NOV 04, 2024",MIN vs. CHA,W,29,6,11,0.545,4,6,0.667,5,7,0.714,0,5,5,1,1,0,1,1,21,9,1
22024,1630162,0022400146,"NOV 02, 2024",MIN @ SAS,L,36,8,17,0.471,3,7,0.429,2,4,0.5,0,5,5,2,2,0,3,0,21,-20,1
22024,1630162,0022400139,"NOV 01, 2024",MIN vs. DEN,W,38,11,23,0.478,7,14,0.5,0,0,0.0,0,4,4,4,1,1,2,1,29,5,1
22024,1630162,0022400114,"OCT 29, 2024",MIN vs. DAL,L,37,12,20,0.6,7,13,0.538,6,12,0.5,0,6,6,3,0,1,5,1,37,-8,1
22024,1630162,0022400093,"OCT 26, 2024",MIN vs. TOR,W,39,9,21,0.429,5,12,0.417,1,3,0.333,0,6,6,4,1,1,4,3,24,5,1
22024,1630162,0022400076,"OCT 24, 2024",MIN @ SAC,W,39,10,24,0.417,5,15,0.333,7,7,1.0,1,6,7,4,1,0,3,4,32,8,1
22024,1630162,0022400062,"OCT 22, 2024",MIN @ LAL,L,41,10,25,0.4,5,13,0.385,2,3,0.667,0,6,6,3,0,0,4,3,27,0,1
